language,stack_v2_num_files,stack_v2_dedup_num_files,stack_v2_train_num_files,stack_v2_size_bytes,stack_v2_dedup_size_bytes,stack_v2_train_size_bytes
1C Enterprise,280602,94066,92665,14145185761,2991838231,2918286483
2-Dimensional Array,12676,5766,0,640750625,180349634,0
4D,21883,18929,18746,48027905,43802227,42705890
ABAP,72215,46774,44704,766620061,384714122,372016660
ABAP CDS,4426,2840,2840,6635836,3901657,3901325
ABNF,1036,637,610,8364611,4296938,1611181
ActionScript,1800888,1013150,1007757,9316184990,3756805188,3542400790
Ada,183890,92104,89221,20292153968,825222149,614057432
Adobe Font Metrics,25105,17030,12137,1119996551,735119916,406947352
Agda,65284,43197,42942,485534306,274029733,208406777
AGS Script,91785,71041,0,34608607500,29975271880,0
AIDL,58598,28577,28544,109489235,21266627,20893777
AL,69662,40073,2,879547229,392915085,12225
Alloy,28561,7764,6950,503829244,167264563,91412854
Alpine Abuild,149519,24652,24139,276494382,36607898,34867532
Altium Designer,26312,4167,855,1414708981,549366380,32736244
AMPL,435893,352293,61547,2857919119,1564991609,171807438
AngelScript,126122,67669,878,2113419515,856254222,6826066
Ant Build System,1021193,82227,80197,4302736143,419625395,363911763
Antlers,2120,1568,1488,3593613,2618030,2095569
ANTLR,44870,24102,23733,448108627,154972395,101625725
ApacheConf,349437,148905,147592,773463754,220805109,159020849
Apex,579119,408075,396865,4084329143,2742385124,2419277564
API Blueprint,15744,10522,9932,426871057,237990521,161235347
APL,8370,6463,5698,147573402,135669368,28828759
Apollo Guidance Computer,3311,2222,1374,220648617,154367924,15909266
AppleScript,110401,94262,16721,72548006,51869325,32389189
Arc,17705,12296,9915,470532356,429985554,17213007
AsciiDoc,854872,396165,357575,10790564468,3882061930,1758764851
ASL,49652,18058,16018,4803708543,3186864455,436871524
ASN.1,10189,6013,5347,375691292,233735284,58003743
ASP.NET,2812200,1287527,1155274,18669359641,9575008541,8381895788
AspectJ,98647,39898,194,375110621,246527179,525194
Assembly,1324448,773883,697898,153971619031,13021145199,7735681968
Astro,17779,13465,12994,57857886,47812768,27085248
Asymptote,9991,6010,5282,145887670,111228513,21815986
ATS,9543,6633,6585,46665554,28884750,28226353
Augeas,851,601,506,19050981,16436268,1919075
AutoHotkey,90833,64004,62937,812284649,385886468,300194552
AutoIt,74262,39112,38415,957526574,445455339,276978969
Avro IDL,3807,1955,1930,18052405,4522251,4334757
Awk,51573,39800,38051,109812668,67001128,60875187
Ballerina,47036,21341,20730,258830657,124473533,94381495
BASIC,51081,34168,30525,1089694247,688592655,356998783
Batchfile,2108397,1127069,994877,10613131846,2114873186,1020191604
Beef,3653,3288,1634,114568444,108534138,8279802
Befunge,1141,846,299,1444427,1271401,212299
Berry,7659,6463,5076,628727018,616575481,446546734
BibTeX,375667,314691,46869,19016948851,12440404051,999431167
Bicep,14489,8274,0,113616305,48511361,0
Bikeshed,10881,4353,3719,798225893,184036691,80079919
Bison,331,256,11,6836572,5650787,101185
BitBake,180547,61541,60856,274254880,81187284,63204184
Blade,9300249,4925151,4824279,45498809970,24177690174,21614589178
BlitzBasic,10957,7612,7287,166072339,117182356,51853412
BlitzMax,12433,8557,8490,110165007,58935448,57314550
Bluespec,13383,7624,7315,133466128,77057216,58507681
Boo,12067,8238,7720,98319674,80492769,22055055
Boogie,31188,7145,2,8622733093,3289473040,13550
Brainfuck,28513,9854,3415,354952911,221071144,15612914
BrighterScript,3289,2114,1318,148265779,132656029,7057546
Brightscript,9148,5681,5482,101935020,42844779,28211329
Browserslist,11129,6634,6030,3493899,2133691,583488
C,40881551,20775502,19180218,670939114606,202049039849,114922380912
C#,103825008,51233056,48492167,606885102874,239891856173,169750968857
C++,76739783,43175936,42226732,1044648215730,353894122777,211326670925
C-ObjDump,3,3,2,6163,6163,3981
C2hs Haskell,5166,2541,2372,229257562,190568877,19709194
Cabal Config,208597,64393,61442,566127404,121087560,116689315
Cadence,7213,4295,3836,72549512,44196520,21606041
Cairo,791,528,515,3972657,3119264,2856343
CameLIGO,834,559,556,2826875,1725825,1650575
CAP CDS,7223,4699,3902,426118804,417314348,61253658
Cap'n Proto,4390,2027,2016,30271278,2870092,2842546
CartoCSS,12530,4354,4238,133933127,34749805,32699942
Ceylon,12923,10193,10159,29982129,20448693,20000012
Chapel,3645,2457,2442,22167206,9826944,9476606
Charity,414,353,284,6975216,6118377,1290741
Checksums,6032097,833913,0,1684294609,1274959121,0
ChucK,18800,12882,18,120692298,104541930,73138
CIL,4851,2710,2640,455819166,133676441,82094291
Cirru,1417,1075,999,82291142,71222888,43547693
Clarion,25589,14109,13718,569905501,219695401,182723640
Clarity,654,458,439,3057298,2040233,1828705
Classic ASP,385686,193001,179885,6373430739,2488791276,1505571398
Clean,15670,12920,8446,237958917,206547951,40663045
Click,2118,1358,1290,84124412,59430062,1723363
CLIPS,22567,16339,15815,272580473,172997454,113108417
Clojure,606348,389392,383128,3130416759,1781925744,1115971236
Closure Templates,12345,5713,5659,85108615,22954572,21324845
Cloud Firestore Security Rules,7399,2600,2597,6742732,4106540,4085025
CMake,5278837,1743194,1701924,15900732362,2577220086,2270985214
COBOL,54182,34905,29734,1571645666,828579521,734085205
CODEOWNERS,44555,25378,1,201299368,7354169,1045
CodeQL,57218,19180,18968,348389266,78237951,41477161
CoffeeScript,1483851,1027516,1009061,5865629684,2398779498,2146785601
ColdFusion,158179,105315,100614,1050287071,571993748,438835279
ColdFusion CFC,84301,49873,49516,678328871,307820886,288842617
COLLADA,205468,146726,0,107067088985,78526088110,0
Common Lisp,577377,315454,268572,6895525191,2783377745,1636786805
Common Workflow Language,51464,27821,201,1305335061,1237729805,380713
Component Pascal,5054,2465,1862,675338836,329058423,79078161
CoNLL-U,468630,393103,18,34711340470,17428478930,11162683
Cool,22369,13253,8986,22722468,15523463,6233501
Coq,157539,92375,87576,4415218638,2736573283,1099953310
Creole,2618,2079,1733,8400617,5793042,4684088
Crystal,178034,102607,100894,971308543,428733864,231577307
CSON,63858,40598,39423,314961638,134995883,111422647
Csound,8084,5653,5290,122420905,105434549,14813631
Csound Document,26080,19932,19325,936175600,745816034,382633270
Csound Score,11418,8182,5024,188230281,180139281,6527126
CSS,44531449,23869063,1881815,921334302381,161679211293,7999926023
CSV,84191211,65916211,0,8511874906171,6770178976028,0
Cuda,351570,171244,169418,3828981026,1649344192,1354553566
CUE,20745,7867,7655,160728309,51589818,30868232
Cue Sheet,51698,32755,1,89886954,73670792,1881
cURL Config,717,490,460,191918,129842,124852
Curry,4117,2402,2370,13674838,7335179,7247555
CWeb,42594,22893,431,1853763188,1390105836,6688738
Cycript,1771,1482,946,115436319,99283033,21976557
Cython,132004,60384,58997,2021330550,468071891,424097498
D,508827,253920,227792,9639262107,1898348794,1463108434
Dafny,12042,6224,6193,270208308,126917400,102586227
Darcs Patch,114,109,108,3203338,2395967,2253827
Dart,7375106,4214307,4102723,36569450447,16903699747,14843695728
DataWeave,7070,4682,4531,22836035,11510158,7771907
Debian Package Control File,33216,8552,7874,215063834,74878695,37647999
DenizenScript,2774,1704,1671,21065158,13041665,9985723
desktop,331249,239371,302,250600541,142237779,455915
Dhall,42339,22195,21412,71390631,28058397,19397832
Diff,1916919,1204035,0,44288792486,16433345428,0
DIGITAL Command Language,314059,179931,461,7482976775,2901635229,2034632
dircolors,3436,936,821,21829630,4001736,3195394
DirectX 3D File,50573,32664,0,18560140584,14534691090,0
DM,74896,27296,25758,1030440900,426611293,176279884
DNS Zone,33592,12790,9852,2314270523,1352830774,521428165
Dockerfile,4156036,1898900,1883691,5533285177,1266191875,1209217265
Dogescript,671,542,520,2505337,2304152,453669
DTrace,78012,27009,166,490662907,356904298,277951
Dylan,5992,4397,4301,38485956,22333648,20955256
E,10431,5749,3488,3172945120,967762733,12289947
E-mail,321069,149672,0,7653396201,5587936727,0
Eagle,121223,49207,46768,37265169434,11137991319,8891355715
Earthly,239,200,199,570132,392878,391693
Easybuild,39785,10439,9962,159599601,69594744,27433924
EBNF,2952,2247,2135,14580305,8361537,7382528
eC,6476,3810,3536,289249613,179404673,46879530
Ecere Projects,45,34,31,352120,318427,288306
ECL,12010,5748,5446,146165426,82086955,16051913
ECLiPSe,2351,1652,1580,17510053,10610840,9893762
EditorConfig,194482,42796,42357,229671808,40513816,37537598
Edje Data Collection,3944,2101,1961,117991693,28835658,23741379
edn,336245,240030,131,6331402895,3644651991,620353
Eiffel,51705,34604,33509,1524992112,836471627,371816308
EJS,2740548,1497213,1468848,8883932158,5060713700,4345575663
Elixir,2162766,881706,865804,5286614114,1806433708,1512951827
Elm,248341,173109,168496,1429670921,879856742,669584007
Elvish,1785,1425,1191,25763251,24427361,3380516
Emacs Lisp,814753,365757,346505,9197633819,1974466046,1542178884
EmberScript,9344,5724,5313,113674986,78608001,21223753
EQ,5814,3759,3288,44556461,39412588,9024938
Erlang,603634,303085,296663,6183381427,1993902637,1524171365
Euphoria,23964,15967,11122,544943111,489349726,47473255
F#,464553,266595,260809,5331006771,1742472108,1109422267
F*,35065,19084,11271,993461028,808178508,156319800
Factor,44058,13160,38,209007298,38262138,53873
Fancy,1193,761,733,30097436,26829964,2597427
Fantom,9106,6622,6580,44014826,19640638,18958674
Faust,7956,4304,3704,183163764,141819634,11586436
Fennel,4679,3798,3760,17103915,10682302,8308808
FIGlet Font,1677,453,36,68426101,19472920,460195
Filebench WML,4045,2465,1232,116094198,110841901,3960815
Filterscript,602,358,353,4286766,2527021,1262014
fish,325719,116039,97025,650203018,110323659,63404587
Fluent,470956,264102,258262,3459236380,1812539787,1372698510
FLUX,6725,2775,2573,44576745,17464197,8656762
Formatted,959,561,434,274596663,138976825,1019451
Forth,443466,109194,88870,1671846667,1385606344,395407068
Fortran,594658,271017,261638,12162853789,4663858803,3605220943
Fortran Free Form,603508,352647,345539,12419749261,4904788498,4295851776
FreeBasic,33548,25757,23331,584217968,487340953,240112828
FreeMarker,184830,104830,103724,485355937,251368262,242578764
Frege,7165,2828,2803,206101147,23697054,22203821
Futhark,11717,4925,4723,22980135,9484234,5309056
G-code,62566,54523,0,76228613995,73276840522,0
Game Maker Language,650621,500777,496160,1146655996,780635032,529466476
GAML,3377,2031,2013,29003407,16476418,15078610
GAMS,13907,8195,6300,932389491,588161988,77751210
GAP,110701,63667,5615,2921986883,2128321973,60900596
GCC Machine Description,931,534,522,22633379,12586051,12052425
GDB,22811,7784,7668,71090483,17275723,12134080
GDScript,359264,284996,284198,933721640,647447625,479757180
GEDCOM,14057,2669,2613,364333608,305260665,137922087
Gemfile.lock,1593182,67462,51,7101201403,144173854,130367
Gemini,1829,1728,1419,8906812,8754630,6588372
Genero,11216,8084,7970,952715888,633362261,624608682
Genero Forms,10653,8053,5511,307417980,228848215,79747654
Genie,436,313,310,1441841,997246,966445
Genshi,8470,6608,6485,1383042600,988604576,771541443
Gentoo Ebuild,1292984,185598,184994,2472090050,208389547,205073263
Gentoo Eclass,2710,1121,1114,32136650,6959449,6888713
Gerber Image,2709583,887319,0,77324821241,29596257304,0
Gettext Catalog,2798227,490963,34328,163690695121,15542922051,999994158
Gherkin,1461331,1203914,1155720,5476172004,4450871912,3697844833
Git Attributes,180874,97737,95917,143992853,86399410,67092324
Git Config,450647,360341,65104,350564890,181425762,46368594
Git Revision List,2123,1426,0,1465571,635622,0
Gleam,2312,1678,1655,6586731,3856437,3702856
GLSL,946483,548969,512836,10293342147,6199810716,1413264416
Glyph,557,365,333,78002326,47710418,2671066
Glyph Bitmap Distribution Format,37526,23321,5,3316169679,2142033270,51965
GN,243962,27184,4267,4304970623,109642312,17301449
Gnuplot,420278,234425,0,19822423887,18130625589,0
Go,19853682,9301819,8617250,214308456443,54597056095,25828958491
Go Checksums,379341,71195,0,13142672026,429612590,0
Go Module,595656,398105,392728,467928358,182421709,180231992
Golo,1290,1033,1033,2175554,1588261,1587140
Gosu,46435,24554,24276,202965650,112007941,108439589
Grace,1538,1277,1247,5977115,3640425,3409779
Gradle,7903409,1598251,1588331,10819448713,1400448039,1394441894
Grammatical Framework,5535,4193,3784,555766745,309195574,71260923
Graph Modeling Language,250598,30282,25630,13260432888,3609676093,988100317
GraphQL,235817,160523,156894,1601676752,469733003,318684397
Graphviz (DOT),1415194,433493,274580,19662865080,8906801052,999996444
Groovy,2224285,1103831,1098453,8960021099,3209235169,2981974881
Groovy Server Pages,348001,157685,154962,2554079383,1703288259,602587202
GSC,39910,18087,17128,636535405,274763275,254661607
Hack,2912825,1786841,1595837,15748248518,9106878734,5977844440
Haml,1479213,1046278,1031179,1817522868,1214765100,1130335382
Handlebars,2025959,1188119,1159509,4458461115,2579602259,2185393009
HAProxy,167224,74344,67480,2842816275,1759206078,959954841
Harbour,4213,3626,2331,574362591,511106632,4600900
Haskell,1847803,1254071,1234320,12143134601,5109594422,4172902754
Haxe,637921,366379,344712,2898482734,1165764109,965031353
HCL,1271441,749763,736827,7990194136,4667980318,1890360439
HiveQL,56654,28582,23148,566163268,473617126,70435262
HLSL,217390,113570,111062,1014609259,402297301,365994184
HOCON,1118,738,676,7036540,4377441,1585974
HolyC,4925,2272,1700,79390520,28532332,17350760
hoon,8015,3250,3159,162407668,22242455,14850812
HTML,294303961,90227076,5233410,8756746199192,2419866579474,99090395677
HTML+ECR,3363,2134,1124,4762976,2912046,1297536
HTML+EEX,135474,63121,45426,211218731,119212957,66116219
HTML+ERB,11195032,5722940,4407325,17896450710,10161261485,7315937584
HTML+PHP,833475,478802,205236,3566735894,1836542165,682901042
HTML+Razor,9127315,3510527,2340443,28424434411,13504489808,6703395711
HTTP,98465,65392,64374,426070735,274431967,205998002
HXML,24268,15594,15275,11255743,6278303,6132495
Hy,5278,3344,3269,45979112,33515067,9192834
HyPhy,3209,1729,1356,164018431,125927884,15124897
IDL,172773,122615,119919,1686749217,768344590,670192947
Idris,37254,22068,22009,212171178,65132308,63434664
Ignore List,12298687,5474468,50003,8589516392,2577167335,9477488
IGOR Pro,4730,3934,3885,134811708,101426040,95420991
ImageJ Macro,10792,8551,8446,57123815,38373942,35366690
Inform 7,36460,5361,3517,2172916267,189704210,49352882
INI,9737112,5261835,3145002,38698116043,14326601138,4351398740
Inno Setup,29485,11765,11372,2264025456,145153655,66613715
Io,19008,15147,12353,278106537,231116081,34480052
Ioke,889,618,592,96565303,79394911,74804297
IRC log,3217,3184,0,793437465,788946441,0
Isabelle,34339,16299,15764,938194777,429881053,296673276
Isabelle ROOT,831,531,523,17715683,16459572,529478
J,10294,8032,7497,86158909,56206762,27766718
Janet,2604,1833,1809,15944356,4626428,4435423
JAR Manifest,599602,255357,76,947420890,603945946,137316
Jasmin,29433,17590,16953,137009298,108917124,88916419
Java,273629883,154281537,62274819,1314597209301,547999593523,199675049671
Java Properties,9894071,3611528,5500,30908438540,8200060006,14835885
Java Server Pages,10830135,5394783,1558594,56981740785,29572250266,7999940920
JavaScript,196369686,108871932,66913724,4616035854006,1115420792568,199992339478
JavaScript+ERB,282214,198008,179269,290227403,184572851,131813368
Jest Snapshot,650964,318704,35,17985693064,4989041489,42864
JetBrains MPS,73671,31818,4784,18805107034,6081931617,26132866
JFlex,16612,8105,7938,108555019,43396681,39521061
Jinja,461945,278431,270777,1483092166,551824436,446742415
Jison,4793,2348,2243,64052453,23388143,20966787
Jison Lex,334,188,179,2950151,608609,547680
Jolie,3855,2941,2722,20248069,16882214,5006718
jq,6098,4274,3636,133886590,71561012,19494123
JSON,664910862,115070432,1601984,12121038770115,3685709148566,7981230728
JSON with Comments,1957321,277494,265578,4354205943,1806421440,965143126
JSON5,15917,8962,6968,384954425,189230518,38587703
JSONiq,3543,1589,1445,246076215,137384880,30638096
JSONLD,316622,45703,40,3534739429,1755929029,1134125
Jsonnet,37785,14335,13570,478554356,56500986,37026752
Julia,742711,447047,432146,10658791142,6117698122,1827574052
Jupyter Notebook,11438137,8151402,0,4223023015288,3091544944990,0
Kaitai Struct,2875,1896,1894,11038132,5258459,5253599
KakouneScript,6237,2675,2511,24410486,7690443,7236225
KiCad Layout,301953,167029,0,21859713214,18328901000,0
KiCad Legacy Layout,7208,2454,0,848098682,521580598,0
KiCad Schematic,89219,75638,0,3028389295,2453939336,0
Kit,24295,17739,16358,143208589,111894813,60697860
Kotlin,13732232,8616859,8589476,31800105970,18332972716,17849688927
KRL,2986,2128,2108,9298471,6652482,6140551
Kusto,3503,2550,2389,66293074,40940085,8556072
kvlang,37951,26345,25542,263588427,209393668,109240333
LabVIEW,40001,21172,3122,1951048017,1182088572,55824803
Lark,1293,1040,1020,7446445,5164241,4365617
Lasso,22405,12983,0,10065852491,6952766701,0
Latte,43548,33347,32855,127329094,90516364,70795988
Lean,79475,28334,28212,1089275776,192893657,182199541
Less,2576934,1666356,1642753,12644023444,4947938915,4278211159
Lex,95027,59656,56257,1657329027,1104482859,379175234
LFE,3003,2144,2043,6839130,4098568,3749211
LigoLANG,889,701,700,2230521,1601842,1600478
LilyPond,141134,87374,82300,616560458,406873101,314696343
Limbo,15859,13261,10130,1070709177,931037483,85098040
Linker Script,172031,34355,28004,2068663098,955902666,91191145
Linux Kernel Module,46123,40477,0,1522119871,1270721264,0
Liquid,255270,130642,118037,2339439372,934105882,523272988
Literate Agda,3808,2654,2624,50037458,32153535,31410621
Literate CoffeeScript,12588,8619,8450,52616588,30079639,28733317
Literate Haskell,28285,17195,16986,424824091,137075511,125298748
LiveScript,56463,36575,614,534697522,357085474,6058271
LLVM,448335,113925,85964,36541897665,10457055350,3466951773
Logos,101784,40071,30242,1107684314,727355945,176105039
Logtalk,11398,2358,2238,83872824,54282325,11386197
LOLCODE,3594,3278,2809,15892248,14898579,7650904
LookML,62344,33854,33658,261700656,155874583,145444751
LoomScript,844,675,674,3181059,2469475,2464777
LSL,9171,6056,5985,104004241,62102230,33832352
LTspice Symbol,31337,6717,6717,25634803,6249012,6248883
Lua,4262092,2347887,2244643,77878740253,33913484905,15222374404
M,344163,223873,190310,4836193752,2695805135,1098982317
M4,37453,20666,17571,660694938,354129228,66189776
M4Sugar,119578,34688,34189,3758071780,364411432,137810458
Macaulay2,7745,6970,6111,526720700,391265963,135397348
Makefile,17084474,4221531,2784551,147274494816,21304108691,5190615652
Mako,51958,24004,23481,558913506,98241249,83019837
Markdown,129365984,82779962,81418993,714688079654,281042786202,244165144774
Marko,21232,11114,10538,31504739,14988618,12470930
Mask,1733,580,533,26406078,17521415,5565555
Mathematica,265966,166560,33817,105092086982,61238649974,1777330895
MATLAB,6542216,4543828,4383375,42025625537,25864568668,12867056222
Maven POM,10235295,749908,749190,41633411786,4063409500,4052745158
Max,99158,59510,0,8724070550,5004580609,0
MAXScript,35754,25610,2676,634819777,456062670,33101250
mcfunction,344546,201109,125808,988189390,464426787,145422842
Mercury,14922,11898,5580,2746803856,2417848938,385961733
Meson,41170,21524,20949,93216627,23682143,23038741
Metal,14831,7483,7336,66050734,34087669,25913467
Microsoft Developer Studio Project,99032,8080,0,717742416,123838269,0
Microsoft Visual Studio Solution,5463670,1665208,0,14483005927,6699673382,0
MiniD,5,5,5,490,490,490
MiniYAML,7519,4669,4573,72710596,41352869,28634037
Mint,2320,1519,1505,6365680,3914127,3662022
Mirah,1721,813,808,8782263,2596237,2595188
mIRC Script,743503,561872,5,1826968802,1239162348,71015
MLIR,47900,12290,11194,887718780,146870668,75860069
Modelica,110317,49219,43341,1300239848,503547664,222260922
Modula-2,14633,10551,10506,150969606,90824333,89993850
Modula-3,14402,8861,7698,229006632,170657820,72156872
Module Management System,1897,1229,984,12919547,5529674,4622227
Monkey,10165,7192,7145,60153375,33736419,33215230
Monkey C,12550,9082,8718,192704556,168562759,41264602
Moocode,1123,927,496,72848248,59935537,13863285
MoonScript,18453,13417,13087,62142784,32921870,31493339
Motoko,6571,3778,3413,106767906,69388593,9727380
Motorola 68K Assembly,751928,442526,385830,20495181742,14804121708,6695310099
Move,12523,4205,3969,95300082,44656749,8038484
MQL4,19984,11585,11302,300792003,127811120,119406272
MQL5,17723,10666,10342,229768667,87159357,84033100
MTML,4019,2422,2319,11436145,5219824,4990539
MUF,2966,1745,1675,41672407,36208271,31761476
mupad,3997,3003,2250,114305207,103621194,7982038
Muse,1738,1582,1472,31450392,12963465,6013290
Mustache,226815,109049,103953,701011252,244706497,207340450
Myghty,73,59,44,401447,388515,55842
nanorc,5751,2673,2560,15424305,3884891,2639391
Nasal,1964,1280,1135,556070959,541959086,12722722
NASL,22314,7003,553,5988181545,128161395,2954435
NCL,33165,16626,16456,267758959,112955946,108998757
Nearley,6135,4202,2945,125685693,115106418,62707701
Nemerle,10462,6064,6045,61569136,20710242,20486280
NEON,26625,16959,16834,151663476,44826533,43696932
nesC,82578,46665,96,3333188513,3070171882,378282
NetLinx,2912,2013,1921,44256379,29553151,24955555
NetLinx+ERB,6,5,4,12095,11490,8628
NetLogo,14528,3775,3501,406977606,147947826,123569805
NewLisp,31759,21694,16517,760775641,510598282,184729066
Nextflow,28958,14831,14225,686313945,617653089,59950964
Nginx,152512,64585,64362,259908272,115410002,96235342
Nim,136762,81595,78879,1652756986,676462457,356694974
Ninja,97576,9600,5201,5280348690,509962866,75941685
Nit,915,784,664,2561790,2309565,2265045
Nix,840424,230308,208134,20238074178,682448551,531920755
NL,2252,1233,512,570516186,378117340,2181201
NPM Config,19849,13594,13501,2887332,1997924,1537359
NSIS,23910,9820,9394,233194981,94461924,88583670
Nu,4724,2781,2629,34773309,20653157,9348958
NumPy,33,26,23,373847,158147,86822
Nunjucks,170638,100455,243,515738282,263495625,325663
NWScript,106589,52938,52369,430210011,231429716,197381576
ObjDump,5817,4223,3590,2086264540,1876979419,1485468076
Object Data Instance Notation,3564,40,38,63397218,1891349,1671720
Objective-C,25708871,11407073,10855054,80576257919,33946377232,30174307493
Objective-C++,398672,133114,127093,8325921318,3198169485,1064763806
Objective-J,29331,19987,17824,786662613,505428704,191888084
ObjectScript,35150,23153,22794,306372810,185937093,154385215
OCaml,703918,364452,350190,8135465837,2727132295,2010544592
Odin,6169,3070,3004,88081939,33828922,27136556
Omgrofl,24,17,17,10217,6508,6503
ooc,7206,4038,4019,32110280,10870660,10636390
Opa,742,635,615,8577557,7944305,2681794
Opal,233,164,156,620730,422358,307378
Open Policy Agent,19808,9028,8946,67538993,32985471,15935633
OpenCL,93781,38697,36961,1115342746,474247428,281252141
OpenEdge ABL,915931,403912,3597,66077360266,40649639558,33735626
OpenQASM,32533,15673,2005,949922649,334745092,32882050
OpenRC runscript,8711,4630,4628,11289536,4316468,4308930
OpenSCAD,92102,74708,71030,1043841774,661764373,205570673
OpenStep Property List,37728,14926,9717,3474835114,1983141979,303649124
OpenType Feature File,12246,11411,1708,382167890,331514990,46949483
Org,983700,893315,845776,6241686111,5113073663,3088893200
Ox,1268,789,731,8927314,5313734,3151298
Oxygene,287,76,75,1522092,481250,480986
Oz,8647,6774,6708,35159429,25045411,21385933
P4,39488,7453,7348,232358518,49109552,45437100
Pan,24315,12821,7897,169090946,51655293,44139789
Papyrus,78434,48386,46821,382881173,322557769,113282446
Parrot,74,64,53,3318163,3263782,169748
Parrot Assembly,1893,1062,1042,1554481,1054397,882847
Parrot Internal Representation,19017,10266,3560,479409508,155634235,55726008
Pascal,1591113,951936,785297,46719507248,23002353689,9789456221
Pawn,62555,40283,36549,11397672744,1306055398,895174495
PEG.js,5699,3519,3376,65016797,19121525,15906800
Pep8,1787,1461,667,399618299,390304227,3968192
Perl,2171714,1146878,1062860,20168652740,7815588257,5656783230
PHP,92908184,46025156,45135322,561814300338,224585052084,183703704122
Pic,6608,3154,1858,4919404720,409849774,98663165
Pickle,819468,643341,0,81563042428,67885442350,0
PicoLisp,2514,1758,1624,20414991,7602475,5424996
PigLatin,22473,14665,13969,45046476,30337599,24840539
Pike,3374,2742,2662,17939201,13236979,11995156
PlantUML,236343,129291,111526,508198707,302304846,146056006
PLpgSQL,307947,183383,173221,15379161547,9346235971,1884237371
PLSQL,339799,231741,111327,14530414586,10926919208,2460828703
Pod,54462,19974,19455,732015632,183617630,170868080
Pod 6,2455,1623,1614,12581108,8103466,7761963
PogoScript,890,757,559,3112338,2504889,1190610
Pony,11627,6928,5582,77472597,38066431,22970032
Portugol,37650,24373,22167,1048447438,1032353877,48317727
PostCSS,34829,27016,26674,58526055,43247886,37948688
PostScript,1702217,950368,0,352225749691,280314677393,0
POV-Ray SDL,37296,23883,0,3468954295,2355349882,0
PowerBuilder,35995,24296,23683,727610341,479581936,362066520
PowerShell,1327233,682789,663408,11239465083,3974232649,2464275005
Prisma,22654,8835,8760,40907362,18376227,18136527
Processing,757605,578171,570081,2309659472,1585020624,1463902685
Procfile,218688,170824,164198,16828744,11006214,9251261
Proguard,414454,17548,17138,483198936,72234878,56358834
Prolog,302361,187485,175173,8850901168,3767141436,1663940626
Promela,37378,11300,10766,519384877,398855052,270978610
Propeller Spin,7516,4575,4167,98029266,53048627,35324940
Protocol Buffer,509603,234297,225096,5266174337,1314472774,523600424
Protocol Buffer Text Format,144352,39461,15105,15911717166,4370828997,412754024
Public Key,1118168,1062027,0,16425878939,14612084534,0
Pug,2130813,1503380,1465931,5083555064,3411909370,2908414513
Puppet,466388,255916,249900,931098613,342650405,317137383
Pure Data,85722,69308,0,2027025375,1328098635,0
PureBasic,320843,220170,2437,14517562517,1119475126,35349151
PureScript,86263,60146,59053,358260899,220723528,171182901
Python,96448523,56933829,56185018,564216028431,233291874792,191605953950
Python traceback,12,9,9,5410,3706,3706
q,29784,19023,16172,788204476,406554384,52682973
Q#,8901,4615,4382,84989650,58394906,17685711
QMake,390765,187415,175638,1054824436,260684297,197799523
QML,298464,182471,180233,1513735631,825775137,741175485
Qt Script,4993,2354,2306,32853769,19647952,18146152
Quake,1371,838,831,1466992,602185,597365
R,7242936,5145606,4285869,34847519407,22393480045,19052587770
Racket,276860,197694,6940,4893171042,2195820089,43234603
Ragel,6461,3232,2907,191521932,78246230,29356862
Raku,426676,211082,173703,8524080120,5577015862,1063458467
RAML,47725,31284,30605,393302866,148181845,100572586
Rascal,13234,9949,9610,72260118,49502780,43843012
Raw token data,501065,207118,0,15613693617,10785743554,0
RDoc,117809,79514,77254,283693112,94509162,87471432
Readline Config,12933,8308,8284,9515851,5129924,5021154
REALbasic,6264,2781,2742,106427773,37752173,35270823
Reason,87647,57730,56643,379288429,203149140,153994271
ReasonLIGO,248,233,231,312592,283561,282253
Rebol,56916,44687,30007,1476107958,1232035375,61392744
Record Jar,11,4,4,6227127,1403960,1402075
Red,18767,10159,8702,758349968,477716433,293778278
Redcode,1185,862,706,57051422,55252406,5066942
Redirect Rules,16430,12856,12346,47213653,21777829,17027555
Regular Expression,1951,1601,1267,27295145,25016347,10638799
Ren'Py,48849,30228,29794,1600484380,896885127,833516558
RenderScript,10049,5751,5239,85857207,60629661,31838346
ReScript,162728,80682,273,5164514199,3780210672,1530557
reStructuredText,3799160,1826351,1727642,31359151212,12202885479,6215617777
REXX,7717,5660,5232,93193523,65021571,20671307
Rich Text Format,412442,305866,228,33081126876,26557466821,3027991
Ring,14245,7299,7173,86670636,28680997,10852990
Riot,1847,1537,1509,4780744,3876113,3523791
RMarkdown,1278988,994233,932480,12921433715,9543818228,7857583363
RobotFramework,129578,73926,73093,915987086,415836061,315511190
robots.txt,130784,85086,0,84469499,46225059,0
Roff,2392488,936321,19572,106007596421,80376328230,999584688
Roff Manpage,1382473,525533,10977,70318965841,54259475628,997283458
Rouge,10164,1252,1029,50758055,20883458,6591507
RouterOS Script,3472,2333,2169,455662714,164078187,104127790
RPC,11857,7024,6508,650019120,436270029,387744934
RPGLE,24062,17136,5796,837750212,551713431,88994369
RPM Spec,299804,165787,156125,2356024770,1205963077,730982629
Ruby,42040520,17785998,17511265,93327942922,31703204914,23376798312
RUNOFF,704,527,524,14120970,12841742,12756342
Rust,4350418,2218033,2190241,54772896047,15601494639,12425889691
Sage,12573,10633,8557,453673167,399145755,38490414
SaltStack,125942,82776,82527,150843322,88714044,69188526
SAS,101772,69655,66224,2510418915,1658521179,636859374
Sass,953541,756458,751399,2155777096,1565287429,1429321837
Scala,11119903,4445036,4316325,40431110743,12728855093,11300437322
Scaml,784,570,566,730375,481626,471477
Scheme,777367,426836,402205,8089826744,4552617985,2160483688
Scilab,206747,132876,113103,2912102878,1087475544,160211633
SCSS,16904978,11084090,4104558,48290980610,24179718235,7999962291
sed,24240,20692,9281,2714270028,2608022296,19170257
Self,2088,969,889,90096054,47466148,28472553
SELinux Policy,74840,40594,2590,416626743,237945400,7367537
ShaderLab,264587,77504,68976,1194047064,433568667,294269973
Shell,18668602,10681876,10013406,77075389201,19815326121,13513569769
ShellCheck Config,318,245,236,62591,52832,46083
ShellSession,107,104,100,73696,73177,51272
Shen,841,532,523,4563468,2278601,1670941
Sieve,512,306,300,740494,412201,322650
Singularity,7529,6669,2406,5176377,3985782,3292377
Slash,199611,21422,139,601746349,269231168,286004
Slice,3415,2468,2441,10917301,6606993,5708984
Slim,495035,367031,362532,575567027,400073563,377678068
Smali,7519611,2039732,568970,91512237909,29339849667,7999399853
Smalltalk,1522292,1025689,972230,2884272475,1799340100,898823997
Smarty,1431435,769939,739866,7129618173,3166060410,2509026829
SmPL,29592,2452,1,258623199,4158447,5324
SMT,756069,63299,57885,54551044291,4225661844,2346489836
Solidity,252889,180287,22583,13322530543,2409179646,270538821
Soong,32743,4457,4019,145573339,10819025,8621368
SourcePawn,65444,42411,32485,2052066924,1346814634,339894756
SPARQL,79530,29134,28144,494274329,338848949,136852723
Spline Font Database,5523,4569,1167,6896592833,5808362780,141557104
SQF,337048,173685,167613,1621067685,695519064,517375635
SQL,7159668,5285705,4515441,450818299021,281450529877,35745815687
SQLPL,3324,2204,1948,218400704,148661279,24896868
Squirrel,24066,15866,15168,286772875,162997632,112659123
SRecode Template,4291,3822,3343,56801659,54065210,31971455
SSH Config,14028,6136,6085,24674428,4283622,4163696
Stan,35399,16966,16916,217018395,41810902,35718296
Standard ML,236785,164588,79065,4682996812,2808918775,558505690
STAR,7232,7210,79,161159240,160695337,362934
Starlark,745537,134350,112921,5084936707,1400960713,258371186
Stata,206953,121052,107364,2703808476,1603323087,878998957
STL,143869,119027,0,99236822116,88262836528,0
STON,14317,3419,3198,4104818,2330917,1638093
StringTemplate,4503,3287,3026,18828829,11357763,8448110
Stylus,540670,395048,390289,1172682569,714316099,627150049
SubRip Text,380673,362904,0,14125820610,13502061895,0
SugarSS,6839,5423,5000,60896391,53937398,10535189
SuperCollider,128233,45464,23678,960551946,272520933,91801909
Svelte,339612,234670,211808,678640341,494810492,403184880
SVG,25108011,14689592,0,1021750721724,685822752408,0
Swift,12720549,7234581,7162037,46175959601,23756891667,22322366303
SWIG,126863,46645,184,11714900852,1556513232,4860193
SystemVerilog,353565,171959,167339,3806856548,1614492548,904580756
Talon,3004,1772,1771,4405630,1812454,1801675
Tcl,623720,204437,189791,7486977762,3536847067,1832652886
Tcsh,301472,66589,63723,894677609,358105929,125242659
Tea,3128,2207,2100,160791159,122580635,101326139
Terra,9644,6090,5323,120599192,50941451,35095273
TeX,4312068,3190550,2862814,57630103252,35864847732,30009609825
Texinfo,15897,10330,9393,681065801,241889126,219819334
Text,198213482,150407416,4197964,7135389694923,5267987134849,3241809786
Textile,90725,64490,56620,468695099,214408804,134855515
TextMate Properties,955,760,737,311198,217230,209880
Thrift,28809,15912,15818,136965760,36472096,35550183
TI Program,165,163,156,311595,298734,278479
TLA,12171,7303,6994,91651916,40561973,35620509
TOML,2095282,815905,731047,11332173078,2841718023,751831123
TSQL,1657414,1155064,1113054,19737301883,11499788946,5304880993
TSV,2637360,2116969,0,337893616943,261100590260,0
TSX,8558707,5496011,5408267,22951756154,13033411212,12120314217
Turing,24343,21270,8376,4086351069,3783183552,106289269
Turtle,480267,213057,189,32108195400,22259542580,12219992
Twig,2276348,1316871,1294143,6999219526,4084850993,3661286510
TXL,728,452,370,15284380,13197321,3476878
Type Language,7411,5310,5067,127265849,29019498,14188585
TypeScript,44271586,23853979,23280221,177087468289,61012872044,49144491096
Unified Parallel C,1324,1063,1052,8326907,6156894,3997211
Unity3D Asset,116503347,11749421,0,1619993447693,757820213704,0
Unix Assembly,928986,494749,442930,58058689661,29339009111,8937039532
Uno,12713,5804,5723,60892004,26643151,24631973
UnrealScript,154151,79600,76604,2819634432,1485822741,1268921475
UrWeb,2299,1818,1729,49874917,42094837,28269551
V,46028,16619,15105,769700427,272110013,55268474
Vala,21747,15079,15045,174596337,78820187,77371205
Valve Data Format,3350,1672,1448,256276946,28225023,11781630
VBA,745958,244935,126900,9322105404,4604298056,1354145581
VBScript,77394,53900,44517,565961354,336764971,208632034
VCL,6630,3615,3529,37373373,17900750,13365128
Velocity Template Language,26816,14882,14691,41965300,20124065,16843884
Verilog,2063273,636016,594500,92660742365,28475326767,10038144076
VHDL,941049,451684,436614,75704779422,26551722432,9369880188
Vim Help File,94285,38710,38410,1849614935,305311246,252394706
Vim Script,977194,572386,566119,6402091211,2068640966,1871442576
Vim Snippet,117676,65973,44159,536217187,253522188,122341211
Visual Basic .NET,2093040,1060179,807967,28827101765,16633132338,7484279471
Volt,45230,30361,29974,187635617,120437264,108796386
Vue,12458547,7375658,7279297,55344365486,33136032958,31126577489
Vyper,2190,1114,1098,19987498,6163900,5037104
Wavefront Material,307046,121616,70,474831625,324710852,84545
Wavefront Object,1164217,984476,0,414565576446,374124812901,0
wdl,31729,16876,16694,124358006,58683950,52389286
Web Ontology Language,264306,89435,17507,28664724356,12693361967,135405130
WebAssembly,71978,12278,11289,4307785716,1422857197,328927878
WebIDL,4842,2186,2080,11258043,4072619,3869564
WebVTT,1650228,1603735,0,42944712286,39815388813,0
Wget Config,652,366,359,533224,119978,118626
Whiley,7420,3580,3570,4489316,2112617,2095368
Wikitext,1278076,1147269,196771,6595991702,5235172546,347324817
Win32 Message File,1636,1109,1018,30026563,27709115,4228364
Windows Registry Entries,64758,36440,83,1135361581,744965302,104966
wisp,514,370,345,2523460,1199535,1046179
Witcher Script,34968,5987,4930,496058464,82520588,47701133
Wollok,12870,11078,11045,19191007,16716738,16533925
World of Warcraft Addon Data,69987,27220,11,57313634,20297946,4636
Wren,5527,3900,3851,23106646,13364343,8417353
X BitMap,26829,23690,57,215368760,190897527,29421
X Font Directory Index,1327,933,836,60059145,22905383,13987511
X PixMap,169545,90219,0,14531460475,13291158770,0
X10,10501,4200,4031,94470957,66606986,27979806
xBase,171495,113188,107707,4007285691,1457236270,1169349899
XC,17907,4396,4282,165969603,49088348,30445670
XCompose,720,506,500,36439164,6887421,6179235
XML,219167416,57613484,275291,5256246128119,2340701042729,7996114190
XML Property List,3891560,255867,1278,19137534330,6214649366,18093096
Xojo,17484,7973,7821,208188431,102749353,92120494
Xonsh,22792,1386,1357,31261647,2703363,2529126
XPages,10775,1496,1443,14342427,3930964,3770867
XProc,5521,3182,2783,162694306,143907995,15387705
XQuery,88530,42556,41987,365697725,196794078,181907268
XS,25847,4917,4630,1462776134,71934171,53540105
XSLT,375906,165580,160802,6626637038,2199502578,1664708558
Xtend,83627,49869,49764,305128044,178707957,173681473
Yacc,302197,68492,44591,5157334243,2998503237,540659996
YAML,40379626,14792427,6492679,1512456720518,402536922927,7999741227
YANG,98745,17016,16676,8155135205,329550437,253680456
YARA,35582,11810,10771,359955256,184618028,38798793
YASnippet,136376,92294,91799,35745726,26733250,20844886
Yul,948,729,623,5253466,4584942,4194826
ZAP,1835,850,832,246132942,49416215,41216558
Zeek,11166,5378,5174,79233310,26596334,19718919
ZenScript,34119,26187,23347,272665805,182508122,121942491
Zephir,15102,5890,5870,87366506,21746091,20137825
Zig,51879,20797,19946,1690603359,318473319,169448381
ZIL,3176,1713,1614,131486441,72946156,71936080
Zimpl,2919,2015,1133,33238552,26688282,6430864